N,R_mm,H_mm,ROC_mm,M_halfLaps,w0_mm,R_ring,n_reflections,chord_mm,AOI_deg,alpha_deg,OPL_m,transmission,w_max_mm,min_spot_sep_mm,mirror_fill_frac,spots_overlap,V_internal_mL,stab_tangential,stab_sagittal,stable,utility_OPL_x_T
8,30.0,40.0,inf,66,1.0,0.99,528,22.961005941905388,67.5,0.37807806567221947,12.123675086566882,0.004909281503492532,3.9581606218959564,0.15151515151514902,1.0,1,229.12137877454936,,,1,0.05951853385683602
8,50.0,40.0,inf,66,1.0,0.99,528,38.26834323650898,67.5,0.2268489466366836,20.20584359952433,0.004845274246624693,6.460698874598088,0.15151515151514902,1.0,1,494.02047132524086,,,1,0.09790285362410162
8,75.0,40.0,inf,66,1.0,0.99,528,57.40251485476346,67.5,0.15123307010770518,30.308633423977096,0.0008543216727564988,9.626298306612782,0.15151515151514902,1.0,1,966.5160064251456,,,1,0.025893322405735643
8,100.0,40.0,inf,66,1.0,0.99,528,76.53668647301797,67.5,0.11342491782344477,40.41144964330984,2.1063449846658885e-08,12.804710222547689,0.15151515151514902,1.0,1,1596.0911742045405,,,1,8.512045427926378e-07
