N,R_mm,H_mm,ROC_mm,M_halfLaps,w0_mm,R_ring,n_reflections,chord_mm,AOI_deg,alpha_deg,OPL_m,transmission,w_max_mm,min_spot_sep_mm,mirror_fill_frac,spots_overlap,V_internal_mL,stab_tangential,stab_sagittal,stable,utility_OPL_x_T
4,50.0,40.0,inf,132,1.0,0.99,528,70.71067811865476,45.0,0.12277021885449894,37.33532375646423,1.9458425519766887e-06,11.836201650190462,0.15151515151514902,1.0,1,494.02047132524086,,,1,7.264866165715424e-05
6,50.0,40.0,inf,88,1.0,0.99,528,49.99999999999999,60.00000000000001,0.17362304283848734,26.400121211843064,0.0030586729075394643,8.399294855536318,0.15151515151514902,1.0,1,494.02047132524086,,,1,0.08074933550642231
8,50.0,40.0,inf,66,1.0,0.99,528,38.26834323650898,67.5,0.2268489466366836,20.20584359952433,0.004845274246624693,6.460698874598088,0.15151515151514902,1.0,1,494.02047132524086,,,1,0.09790285362410162
12,50.0,40.0,inf,44,1.0,0.99,528,25.881904510252074,75.0,0.33541115737581373,13.665879743243654,0.004909275949596545,4.431234504352633,0.15151515151514902,1.0,1,494.02047132524086,,,1,0.06708957475358468
16,50.0,40.0,inf,32,1.0,0.99,512,19.509032201612825,78.75,0.45887843346525264,9.98894484651928,0.0057657370009683954,3.310082233121963,0.15625000000000014,0.8089837069485933,1,494.02047132524086,,,1,0.05759362890220878
24,50.0,40.0,inf,22,1.0,0.99,528,13.05261922200516,82.5,0.6650610639232674,6.892247254643499,0.004909281575571158,2.395868711054655,0.15151515151514902,0.3531498099650305,1,494.02047132524086,,,1,0.033835982461502226
