{
  "cfg": {
    "N": 12,
    "chord_skip": 5,
    "R_ring": 67.4891,
    "H": 23.0,
    "R_t": 150.0,
    "R_s": 150.0,
    "mirror_aperture": 11.4,
    "w0": 0.2,
    "M2": 1.0,
    "wavelength": 0.001654,
    "input_waist_offset": 47.65,
    "input_offset_z": -0.0289,
    "input_angle": -0.039135,
    "input_angle_sag": 0.0564,
    "reflectivity": 0.985,
    "hole_radius": 1.3,
    "n_passes": 157
  },
  "sku": "CM254-075-M01",
  "size_class": "D180",
  "metrics": {
    "family": "one_inch",
    "sku": "CM254-075-M01",
    "roc": 150.0,
    "N": 12.0,
    "chord_skip": 5.0,
    "R_ring": 67.48909723557152,
    "n_target": 156.0,
    "mode_s": "sin",
    "input_offset_z": -0.0288979690937502,
    "input_angle": -0.0391345074224976,
    "input_angle_sag": 0.0564002175339675,
    "w0_waist": 0.2,
    "waist_frac": 0.7308940630818916,
    "envelope_max": 180.0,
    "opl_min": 18.0,
    "feasible": 1.0,
    "opl_m": 20.339109480698898,
    "n_exit": 156.0,
    "throughput": 0.09607573945461119,
    "exit_miss_mm": 0.00035745630591099865,
    "hole_margin_mm": 0.5578794446897906,
    "ap_margin_mm": 2.1417269076860137,
    "sep_margin_mm": 0.3562499688698886,
    "min_sep_mm": 0.8967344087800196,
    "w_max_mm": 0.31391993205551594,
    "w_hole_mm": 0.23607556824885378,
    "H_req_mm": 21.32089681948593,
    "stab_tan": 0.09935535200921086,
    "stab_sag": 0.16136792682650558,
    "aoi_deg": 15.154331131568323,
    "early_exit": 0.0,
    "envelope_mm": 170.97819447114304
  }
}