{
  "cfg": {
    "N": 16,
    "chord_skip": 7,
    "R_ring": 71.7592,
    "H": 23.0,
    "R_t": 400.0,
    "R_s": 400.0,
    "mirror_aperture": 11.4,
    "w0": 0.2422,
    "M2": 1.0,
    "wavelength": 0.001654,
    "input_waist_offset": 80.63,
    "input_offset_z": -0.0139,
    "input_angle": -0.030237,
    "input_angle_sag": 0.040548,
    "reflectivity": 0.999,
    "hole_radius": 1.3,
    "n_passes": 177
  },
  "sku": "CM254-200-M01",
  "size_class": "D180",
  "metrics": {
    "family": "one_inch",
    "sku": "CM254-200-M01",
    "roc": 400.0,
    "N": 16.0,
    "chord_skip": 7.0,
    "R_ring": 71.75918750206799,
    "n_target": 176.0,
    "mode_s": "sin",
    "input_offset_z": -0.0139443107843156,
    "input_angle": -0.0302374047352248,
    "input_angle_sag": 0.0405475371582425,
    "w0_waist": 0.2422356599179403,
    "waist_frac": 1.1456842773920854,
    "envelope_max": 180.0,
    "opl_min": 18.0,
    "feasible": 1.0,
    "opl_m": 24.77388428326552,
    "n_exit": 176.0,
    "throughput": 0.8393835224923043,
    "exit_miss_mm": 1.1434336092591228e-07,
    "hole_margin_mm": 3.8620547785132295,
    "ap_margin_mm": 1.8225363992858075,
    "sep_margin_mm": 0.45492172866940483,
    "min_sep_mm": 1.0971487925400258,
    "w_max_mm": 0.36899201794214065,
    "w_hole_mm": 0.29898414136592355,
    "H_req_mm": 21.465136408688238,
    "stab_tan": 0.6411158256491107,
    "stab_sag": 0.6550183899983748,
    "aoi_deg": 11.362471095903055,
    "early_exit": 0.0,
    "envelope_mm": 179.51837500413598
  }
}