{
  "cfg": {
    "N": 16,
    "chord_skip": 7,
    "R_ring": 69.0136,
    "H": 20.0,
    "R_t": 400.0,
    "R_s": 400.0,
    "mirror_aperture": 11.4,
    "w0": 0.4215,
    "M2": 1.0,
    "wavelength": 0.0021218,
    "input_waist_offset": 75.01,
    "input_offset_z": -0.0345,
    "input_angle": 0.047901,
    "input_angle_sag": 0.03309,
    "reflectivity": 0.999,
    "hole_radius": 1.3,
    "n_passes": 177
  },
  "sku": "CM254-200-M01",
  "size_class": "D180",
  "metrics": {
    "family": "one_inch",
    "sku": "CM254-200-M01",
    "roc": 400.0,
    "N": 16.0,
    "chord_skip": 7.0,
    "R_ring": 69.01358754039495,
    "n_target": 176.0,
    "mode_s": "sin",
    "input_offset_z": -0.0344698376554666,
    "input_angle": 0.0479008417443363,
    "input_angle_sag": 0.0330898112592165,
    "w0_waist": 0.4215103160380047,
    "waist_frac": 1.1081775642703864,
    "envelope_max": 180.0,
    "opl_min": 18.0,
    "feasible": 1.0,
    "opl_m": 23.826005275797712,
    "n_exit": 176.0,
    "throughput": 0.8393834840882548,
    "exit_miss_mm": 1.2446713209632896e-06,
    "hole_margin_mm": 2.2288537091973026,
    "ap_margin_mm": 0.6045583600876121,
    "sep_margin_mm": 0.8590002081894041,
    "min_sep_mm": 1.5715982368851382,
    "w_max_mm": 0.48410731609188123,
    "w_hole_mm": 0.43831074775637513,
    "H_req_mm": 18.56610948543284,
    "stab_tan": 0.6552898015368785,
    "stab_sag": 0.6678229541748404,
    "aoi_deg": 11.307632886002354,
    "early_exit": 0.0,
    "envelope_mm": 174.0271750807899
  }
}