{
  "cfg": {
    "N": 12,
    "chord_skip": 5,
    "R_ring": 67.4934,
    "H": 25.0,
    "R_t": 150.0,
    "R_s": 150.0,
    "mirror_aperture": 11.4,
    "w0": 0.2,
    "M2": 1.0,
    "wavelength": 0.001654,
    "input_waist_offset": 22.29,
    "input_offset_z": -0.0365,
    "input_angle": -0.047034,
    "input_angle_sag": 0.062556,
    "reflectivity": 0.999,
    "hole_radius": 1.3,
    "n_passes": 157
  },
  "sku": "CM254-075-M01",
  "size_class": "D180",
  "metrics": {
    "family": "one_inch",
    "sku": "CM254-075-M01",
    "roc": 150.0,
    "N": 12.0,
    "chord_skip": 5.0,
    "R_ring": 67.49335749692207,
    "n_target": 156.0,
    "mode_s": "sin",
    "input_offset_z": -0.036493255364175,
    "input_angle": -0.047033550662732,
    "input_angle_sag": 0.0625556932220473,
    "w0_waist": 0.2,
    "waist_frac": 0.3418999642231238,
    "envelope_max": 180.0,
    "opl_min": 18.0,
    "feasible": 1.0,
    "opl_m": 20.340390282780355,
    "n_exit": 156.0,
    "throughput": 0.8563487259727499,
    "exit_miss_mm": 3.08942528815447e-05,
    "hole_margin_mm": 0.8707295939292465,
    "ap_margin_mm": 0.7956438929148195,
    "sep_margin_mm": 0.3756648068765853,
    "min_sep_mm": 1.0780064681214714,
    "w_max_mm": 0.37993695789202214,
    "w_hole_mm": 0.20842950168754412,
    "H_req_mm": 23.112177113782067,
    "stab_tan": 0.09915351245037596,
    "stab_sag": 0.16149533038586195,
    "aoi_deg": 15.191219656555287,
    "early_exit": 0.0,
    "envelope_mm": 170.98671499384415
  }
}