{
  "cfg": {
    "N": 14,
    "chord_skip": 5,
    "R_ring": 67.8486,
    "H": 26.0,
    "R_t": 200.0,
    "R_s": 200.0,
    "mirror_aperture": 11.4,
    "w0": 0.2,
    "M2": 1.0,
    "wavelength": 0.001654,
    "input_waist_offset": 45.15,
    "input_offset_z": 7.6485,
    "input_angle": 0.048492,
    "input_angle_sag": -0.005229,
    "reflectivity": 0.999,
    "hole_radius": 1.3,
    "n_passes": 183
  },
  "sku": "CM254-100-M01",
  "size_class": "D180",
  "metrics": {
    "family": "one_inch",
    "sku": "CM254-100-M01",
    "roc": 200.0,
    "N": 14.0,
    "chord_skip": 5.0,
    "R_ring": 67.84859826861134,
    "n_target": 182.0,
    "mode_s": "cos",
    "input_offset_z": 7.648470410372681,
    "input_angle": 0.0484915988648311,
    "input_angle_sag": -0.005228534549678,
    "w0_waist": 0.2,
    "waist_frac": 0.7386159647140944,
    "envelope_max": 180.0,
    "opl_min": 18.0,
    "feasible": 1.0,
    "opl_m": 22.25111690725569,
    "n_exit": 182.0,
    "throughput": 0.8343597952947713,
    "exit_miss_mm": 1.1472286692824397e-06,
    "hole_margin_mm": 0.4397205950146028,
    "ap_margin_mm": 0.31991493108896485,
    "sep_margin_mm": 0.39329207020487233,
    "min_sep_mm": 0.9094862759523737,
    "w_max_mm": 0.3123652264839364,
    "w_hole_mm": 0.23265210344314308,
    "H_req_mm": 24.024399992251503,
    "stab_tan": 0.32099852440738696,
    "stab_sag": 0.4499838659912271,
    "aoi_deg": 25.803803513744512,
    "early_exit": 0.0,
    "envelope_mm": 171.69719653722268
  }
}