{
  "cfg": {
    "N": 12,
    "chord_skip": 5,
    "R_ring": 73.5702,
    "H": 23.0,
    "R_t": 1500.0,
    "R_s": 1500.0,
    "mirror_aperture": 11.4,
    "w0": 0.4367,
    "M2": 1.1,
    "wavelength": 0.001654,
    "input_waist_offset": 75.02,
    "input_offset_z": 0.0097,
    "input_angle": 0.022858,
    "input_angle_sag": 0.022558,
    "reflectivity": 0.999,
    "hole_radius": 1.3,
    "n_passes": 205
  },
  "sku": "CM254-750-M01",
  "size_class": "D190",
  "metrics": {
    "family": "one_inch",
    "sku": "CM254-750-M01",
    "roc": 1500.0,
    "N": 12.0,
    "chord_skip": 5.0,
    "R_ring": 73.57024448483779,
    "n_target": 204.0,
    "mode_s": "sin",
    "input_offset_z": 0.0096734132577205,
    "input_angle": 0.0228575952176199,
    "input_angle_sag": 0.022558337714157,
    "w0_waist": 0.436677279947304,
    "waist_frac": 1.055739592597584,
    "envelope_max": 190.0,
    "opl_min": 19.5,
    "feasible": 1.0,
    "opl_m": 28.993853503904212,
    "n_exit": 204.0,
    "throughput": 0.7656631376284105,
    "exit_miss_mm": 0.07971818902052485,
    "hole_margin_mm": 1.349828214693316,
    "ap_margin_mm": 0.34672494821279365,
    "sep_margin_mm": 0.3599555194203957,
    "min_sep_mm": 1.238367904197293,
    "w_max_mm": 0.44846759183580226,
    "w_hole_mm": 0.4459472778895472,
    "H_req_mm": 21.657798912707598,
    "stab_tan": 0.9018834084834368,
    "stab_sag": 0.9085198471150053,
    "aoi_deg": 15.024998916441753,
    "early_exit": 0.0,
    "envelope_mm": 183.14048896967557
  }
}