{
  "cfg": {
    "N": 12,
    "chord_skip": 5,
    "R_ring": 53.4848,
    "H": 17.0,
    "R_t": 500.0,
    "R_s": 500.0,
    "mirror_aperture": 11.4,
    "w0": 0.2,
    "M2": 1.0,
    "wavelength": 0.001654,
    "input_waist_offset": 55.64,
    "input_offset_z": -0.0622,
    "input_angle": -0.031635,
    "input_angle_sag": 0.027552,
    "reflectivity": 0.999,
    "hole_radius": 1.3,
    "n_passes": 133
  },
  "sku": "CM254-250-M01",
  "size_class": "D150",
  "metrics": {
    "family": "one_inch",
    "sku": "CM254-250-M01",
    "roc": 500.0,
    "N": 12.0,
    "chord_skip": 5.0,
    "R_ring": 53.484784187140576,
    "n_target": 132.0,
    "mode_s": "sin",
    "input_offset_z": -0.0622077740180182,
    "input_angle": -0.031634690295888,
    "input_angle_sag": 0.0275520878775965,
    "w0_waist": 0.2,
    "waist_frac": 1.077037000523549,
    "envelope_max": 150.0,
    "opl_min": 12.0,
    "feasible": 1.0,
    "opl_m": 13.638857816961808,
    "n_exit": 132.0,
    "throughput": 0.8771602801697271,
    "exit_miss_mm": 5.083856068250376e-07,
    "hole_margin_mm": 0.46112237226721753,
    "ap_margin_mm": 3.9597333728904918,
    "sep_margin_mm": 0.591768202732261,
    "min_sep_mm": 1.3312062187074165,
    "w_max_mm": 0.43015133903107783,
    "w_hole_mm": 0.24790039817305165,
    "H_req_mm": 15.92979632074928,
    "stab_tan": 0.7860536004636961,
    "stab_sag": 0.8003447119434796,
    "aoi_deg": 15.050261638716572,
    "early_exit": 0.0,
    "envelope_mm": 142.96956837428115
  }
}