{
  "cfg": {
    "N": 16,
    "chord_skip": 7,
    "R_ring": 72.1555,
    "H": 16.0,
    "R_t": 300.0,
    "R_s": 300.0,
    "mirror_aperture": 11.4,
    "w0": 0.3262,
    "M2": 1.0,
    "wavelength": 0.001654,
    "input_waist_offset": 102.07,
    "input_offset_z": 0.2709,
    "input_angle": -0.030949,
    "input_angle_sag": 0.021673,
    "reflectivity": 0.985,
    "hole_radius": 1.3,
    "n_passes": 145
  },
  "sku": "CM254-150-M01",
  "size_class": "D190",
  "metrics": {
    "family": "one_inch",
    "sku": "CM254-150-M01",
    "roc": 300.0,
    "N": 16.0,
    "chord_skip": 7.0,
    "R_ring": 72.15547246820124,
    "n_target": 144.0,
    "mode_s": "sin",
    "input_offset_z": 0.2709212800783616,
    "input_angle": -0.0309488766809998,
    "input_angle_sag": 0.0216727351060719,
    "w0_waist": 0.3261831845654588,
    "waist_frac": 1.442239687796227,
    "envelope_max": 190.0,
    "opl_min": 19.5,
    "feasible": 1.0,
    "opl_m": 20.38148028758494,
    "n_exit": 144.0,
    "throughput": 0.11518103080718298,
    "exit_miss_mm": 6.080078857887019e-06,
    "hole_margin_mm": 1.4568267939310697,
    "ap_margin_mm": 4.911281450535992,
    "sep_margin_mm": 0.35946480891554167,
    "min_sep_mm": 0.9946836372285484,
    "w_max_mm": 0.41860740860838597,
    "w_hole_mm": 0.36542501933253907,
    "H_req_mm": 14.306047249647014,
    "stab_tan": 0.5189405786180521,
    "stab_sag": 0.5372920843627973,
    "aoi_deg": 11.28534342012506,
    "early_exit": 0.0,
    "envelope_mm": 180.31094493640248
  }
}