{
  "cfg": {
    "N": 13,
    "chord_skip": 6,
    "R_ring": 61.5187,
    "H": 18.0,
    "R_t": 100.0,
    "R_s": 100.0,
    "mirror_aperture": 11.4,
    "w0": 0.2,
    "M2": 1.0,
    "wavelength": 0.001654,
    "input_waist_offset": 84.03,
    "input_offset_z": -0.045,
    "input_angle": -0.043739,
    "input_angle_sag": 0.039149,
    "reflectivity": 0.985,
    "hole_radius": 1.3,
    "n_passes": 170
  },
  "sku": "CM254-050-M01",
  "size_class": "D170",
  "metrics": {
    "family": "one_inch",
    "sku": "CM254-050-M01",
    "roc": 100.0,
    "N": 13.0,
    "chord_skip": 6.0,
    "R_ring": 61.51873916634689,
    "n_target": 169.0,
    "mode_s": "sin",
    "input_offset_z": -0.0450256973018413,
    "input_angle": -0.043739086378232,
    "input_angle_sag": 0.0391492902618437,
    "w0_waist": 0.2,
    "waist_frac": 1.3759016670074695,
    "envelope_max": 170.0,
    "opl_min": 16.0,
    "feasible": 1.0,
    "opl_m": 20.6417232901346,
    "n_exit": 169.0,
    "throughput": 0.07893810993486497,
    "exit_miss_mm": 5.038677835679632e-07,
    "hole_margin_mm": 1.6497170210992635,
    "ap_margin_mm": 3.897819191619525,
    "sep_margin_mm": 0.4220192385641406,
    "min_sep_mm": 1.0063557459422714,
    "w_max_mm": 0.39375702645431737,
    "w_hole_mm": 0.2982055753424784,
    "H_req_mm": 16.583916293574077,
    "stab_tan": -0.23074271620945375,
    "stab_sag": -0.21224284916800817,
    "aoi_deg": 7.1148952645337,
    "early_exit": 0.0,
    "envelope_mm": 159.03747833269378
  }
}