{
  "cfg": {
    "N": 16,
    "chord_skip": 7,
    "R_ring": 71.7583,
    "H": 22.0,
    "R_t": 400.0,
    "R_s": 400.0,
    "mirror_aperture": 11.4,
    "w0": 0.3134,
    "M2": 1.0,
    "wavelength": 0.001654,
    "input_waist_offset": 78.82,
    "input_offset_z": 0.0762,
    "input_angle": 0.026612,
    "input_angle_sag": 0.037692,
    "reflectivity": 0.985,
    "hole_radius": 1.3,
    "n_passes": 177
  },
  "sku": "CM254-200-M01",
  "size_class": "D180",
  "metrics": {
    "family": "one_inch",
    "sku": "CM254-200-M01",
    "roc": 400.0,
    "N": 16.0,
    "chord_skip": 7.0,
    "R_ring": 71.75831729514638,
    "n_target": 176.0,
    "mode_s": "sin",
    "input_offset_z": 0.0762390242473739,
    "input_angle": 0.0266120108717493,
    "input_angle_sag": 0.0376923434971258,
    "w0_waist": 0.3134335295225527,
    "waist_frac": 1.1198822840520046,
    "envelope_max": 180.0,
    "opl_min": 18.0,
    "feasible": 1.0,
    "opl_m": 24.77358407161628,
    "n_exit": 176.0,
    "throughput": 0.07101340501310824,
    "exit_miss_mm": 2.9373138269172973e-07,
    "hole_margin_mm": 3.4010886586978706,
    "ap_margin_mm": 2.594424307071046,
    "sep_margin_mm": 0.41363204900107176,
    "min_sep_mm": 1.0332617343776933,
    "w_max_mm": 0.35074447047148727,
    "w_hole_mm": 0.3402469347900242,
    "H_req_mm": 20.4437681323569,
    "stab_tan": 0.6410686787842935,
    "stab_sag": 0.6549378435586581,
    "aoi_deg": 11.347763874647478,
    "early_exit": 0.0,
    "envelope_mm": 179.51663459029277
  }
}