{
  "cfg": {
    "N": 14,
    "chord_skip": 5,
    "R_ring": 51.5993,
    "H": 13.0,
    "R_t": 100.0,
    "R_s": 100.0,
    "mirror_aperture": 5.7,
    "w0": 0.2,
    "M2": 1.0,
    "wavelength": 0.001654,
    "input_waist_offset": 63.1,
    "input_offset_z": 2.4493,
    "input_angle": 0.044572,
    "input_angle_sag": -0.009684,
    "reflectivity": 0.999,
    "hole_radius": 0.8,
    "n_passes": 99
  },
  "sku": "CM127-050-M01",
  "size_class": "D130",
  "metrics": {
    "family": "half_inch",
    "sku": "CM127-050-M01",
    "roc": 100.0,
    "N": 14.0,
    "chord_skip": 5.0,
    "R_ring": 51.59928679618413,
    "n_target": 98.0,
    "mode_s": "cos",
    "input_offset_z": 2.4493254825221777,
    "input_angle": 0.0445723028173458,
    "input_angle_sag": -0.009683651895277,
    "w0_waist": 0.2,
    "waist_frac": 1.357248897982315,
    "envelope_max": 130.0,
    "opl_min": 8.0,
    "feasible": 1.0,
    "opl_m": 9.111922026576464,
    "n_exit": 98.0,
    "throughput": 0.9075119505433725,
    "exit_miss_mm": 4.7635267834082703e-07,
    "hole_margin_mm": 1.0650413980394546,
    "ap_margin_mm": 0.4222732341558251,
    "sep_margin_mm": 0.6450676405385417,
    "min_sep_mm": 1.1989748909818718,
    "w_max_mm": 0.3289700849355485,
    "w_hole_mm": 0.2599790012991523,
    "H_req_mm": 11.696425565427926,
    "stab_tan": -0.03301755823537933,
    "stab_sag": 0.1625751635724737,
    "aoi_deg": 25.705780342812147,
    "early_exit": 0.0,
    "envelope_mm": 129.19857359236826
  }
}