{
  "cfg": {
    "N": 12,
    "chord_skip": 5,
    "R_ring": 60.6585,
    "H": 24.0,
    "R_t": 150.0,
    "R_s": 150.0,
    "mirror_aperture": 11.4,
    "w0": 0.2,
    "M2": 1.0,
    "wavelength": 0.001654,
    "input_waist_offset": 63.64,
    "input_offset_z": -0.0183,
    "input_angle": 0.051795,
    "input_angle_sag": 0.070935,
    "reflectivity": 0.999,
    "hole_radius": 1.3,
    "n_passes": 229
  },
  "sku": "CM254-075-M01",
  "size_class": "D160",
  "metrics": {
    "family": "one_inch",
    "sku": "CM254-075-M01",
    "roc": 150.0,
    "N": 12.0,
    "chord_skip": 5.0,
    "R_ring": 60.65850677577826,
    "n_target": 228.0,
    "mode_s": "sin",
    "input_offset_z": -0.0182772012089414,
    "input_angle": 0.0517948428668427,
    "input_angle_sag": 0.0709353527350975,
    "w0_waist": 0.2,
    "waist_frac": 1.086239619677099,
    "envelope_max": 160.0,
    "opl_min": 14.0,
    "feasible": 1.0,
    "opl_m": 26.71776568343663,
    "n_exit": 228.0,
    "throughput": 0.7968302765511117,
    "exit_miss_mm": 1.0200499092916403e-06,
    "hole_margin_mm": 3.4537359361199247,
    "ap_margin_mm": 1.0810604839250555,
    "sep_margin_mm": 0.5638445349630465,
    "min_sep_mm": 1.1083921453921046,
    "w_max_mm": 0.32099971841125696,
    "w_hole_mm": 0.2609011813938118,
    "H_req_mm": 22.759903864128727,
    "stab_tan": 0.19066040270320728,
    "stab_sag": 0.24590034720919762,
    "aoi_deg": 15.212476969960251,
    "early_exit": 0.0,
    "envelope_mm": 157.3170135515565
  }
}