{
  "cfg": {
    "N": 16,
    "chord_skip": 7,
    "R_ring": 74.5075,
    "H": 22.0,
    "R_t": 400.0,
    "R_s": 400.0,
    "mirror_aperture": 11.4,
    "w0": 0.2946,
    "M2": 1.0,
    "wavelength": 0.001654,
    "input_waist_offset": 72.28,
    "input_offset_z": 0.3384,
    "input_angle": -0.037319,
    "input_angle_sag": 0.036395,
    "reflectivity": 0.999,
    "hole_radius": 1.3,
    "n_passes": 177
  },
  "sku": "CM254-200-M01",
  "size_class": "D190",
  "metrics": {
    "family": "one_inch",
    "sku": "CM254-200-M01",
    "roc": 400.0,
    "N": 16.0,
    "chord_skip": 7.0,
    "R_ring": 74.5074746695783,
    "n_target": 176.0,
    "mode_s": "sin",
    "input_offset_z": 0.3384151140907588,
    "input_angle": -0.0373185854394649,
    "input_angle_sag": 0.036395194203816,
    "w0_waist": 0.2946172229595425,
    "waist_frac": 0.9891364138312142,
    "envelope_max": 190.0,
    "opl_min": 16.0,
    "feasible": 1.0,
    "opl_m": 25.722680366632158,
    "n_exit": 176.0,
    "throughput": 0.8393835223955773,
    "exit_miss_mm": 2.4447857548621327e-06,
    "hole_margin_mm": 0.8628547819793941,
    "ap_margin_mm": 1.1300207783415868,
    "sep_margin_mm": 1.1008087524826837,
    "min_sep_mm": 1.7410115834595041,
    "w_max_mm": 0.3408505003093689,
    "w_hole_mm": 0.32168909739613133,
    "H_req_mm": 20.8820951055149,
    "stab_tan": 0.6272766951039338,
    "stab_sag": 0.64175742757468,
    "aoi_deg": 11.361072521303592,
    "early_exit": 0.0,
    "envelope_mm": 185.0149493391566
  }
}