{
  "cfg": {
    "N": 8,
    "chord_skip": 3,
    "R_ring": 67.7936,
    "H": 25.0,
    "R_t": 300.0,
    "R_s": 300.0,
    "mirror_aperture": 22.9,
    "w0": 0.224,
    "M2": 1.0,
    "wavelength": 0.001654,
    "input_waist_offset": 93.95,
    "input_offset_z": 0.3582,
    "input_angle": -0.060758,
    "input_angle_sag": 0.053706,
    "reflectivity": 0.999,
    "hole_radius": 1.3,
    "n_passes": 153
  },
  "sku": "CM508-150-M01",
  "size_class": "D190",
  "metrics": {
    "family": "two_inch",
    "sku": "CM508-150-M01",
    "roc": 300.0,
    "N": 8.0,
    "chord_skip": 3.0,
    "R_ring": 67.79364761606537,
    "n_target": 152.0,
    "mode_s": "sin",
    "input_offset_z": 0.3581617133016645,
    "input_angle": -0.0607579917765194,
    "input_angle_sag": 0.0537061720182575,
    "w0_waist": 0.2239673905988655,
    "waist_frac": 1.5,
    "envelope_max": 190.0,
    "opl_min": 10.0,
    "feasible": 1.0,
    "opl_m": 19.04050608132969,
    "n_exit": 152.0,
    "throughput": 0.8597827384914639,
    "exit_miss_mm": 6.821996664334296e-06,
    "hole_margin_mm": 3.847946005494756,
    "ap_margin_mm": 10.343807336463097,
    "sep_margin_mm": 0.952856113305137,
    "min_sep_mm": 1.6159810713266523,
    "w_max_mm": 0.3752705529683039,
    "w_hole_mm": 0.31454077657457824,
    "H_req_mm": 23.28436003680082,
    "stab_tan": 0.546955801581416,
    "stab_sag": 0.6148652914212955,
    "aoi_deg": 22.611694857825103,
    "early_exit": 0.0,
    "envelope_mm": 181.58729523213074
  }
}