{
  "cfg": {
    "N": 16,
    "chord_skip": 7,
    "R_ring": 72.1545,
    "H": 17.0,
    "R_t": 300.0,
    "R_s": 300.0,
    "mirror_aperture": 11.4,
    "w0": 0.2493,
    "M2": 1.0,
    "wavelength": 0.001654,
    "input_waist_offset": 76.52,
    "input_offset_z": -0.2833,
    "input_angle": 0.029629,
    "input_angle_sag": 0.028238,
    "reflectivity": 0.999,
    "hole_radius": 1.3,
    "n_passes": 145
  },
  "sku": "CM254-150-M01",
  "size_class": "D190",
  "metrics": {
    "family": "one_inch",
    "sku": "CM254-150-M01",
    "roc": 300.0,
    "N": 16.0,
    "chord_skip": 7.0,
    "R_ring": 72.15449377050014,
    "n_target": 144.0,
    "mode_s": "sin",
    "input_offset_z": -0.2832979684080099,
    "input_angle": 0.0296286303971648,
    "input_angle_sag": 0.0282382186826053,
    "w0_waist": 0.2492852929701701,
    "waist_frac": 1.0812278249324945,
    "envelope_max": 190.0,
    "opl_min": 19.5,
    "feasible": 1.0,
    "opl_m": 20.38120397113136,
    "n_exit": 144.0,
    "throughput": 0.8666920568516172,
    "exit_miss_mm": 6.887857958275197e-08,
    "hole_margin_mm": 1.7181808443846132,
    "ap_margin_mm": 4.171539910655763,
    "sep_margin_mm": 0.5097469522784064,
    "min_sep_mm": 1.117141058799162,
    "w_max_mm": 0.32616659197316566,
    "w_hole_mm": 0.29708244066015954,
    "H_req_mm": 15.69961158236101,
    "stab_tan": 0.5185986888192293,
    "stab_sag": 0.5376241246122202,
    "aoi_deg": 11.30169990961941,
    "early_exit": 0.0,
    "envelope_mm": 180.30898754100028
  }
}