{
  "cfg": {
    "N": 16,
    "chord_skip": 7,
    "R_ring": 71.7583,
    "H": 22.0,
    "R_t": 400.0,
    "R_s": 400.0,
    "mirror_aperture": 11.4,
    "w0": 0.323,
    "M2": 1.0,
    "wavelength": 0.001654,
    "input_waist_offset": 76.76,
    "input_offset_z": 0.0815,
    "input_angle": 0.026571,
    "input_angle_sag": 0.037627,
    "reflectivity": 0.985,
    "hole_radius": 1.3,
    "n_passes": 177
  },
  "sku": "CM254-200-M01",
  "size_class": "D190",
  "metrics": {
    "family": "one_inch",
    "sku": "CM254-200-M01",
    "roc": 400.0,
    "N": 16.0,
    "chord_skip": 7.0,
    "R_ring": 71.75830739584569,
    "n_target": 176.0,
    "mode_s": "sin",
    "input_offset_z": 0.0814774409986793,
    "input_angle": 0.0265707050877833,
    "input_angle_sag": 0.0376269991395919,
    "w0_waist": 0.3229891730213724,
    "waist_frac": 1.090685453832663,
    "envelope_max": 190.0,
    "opl_min": 19.5,
    "feasible": 1.0,
    "opl_m": 24.773580656686885,
    "n_exit": 176.0,
    "throughput": 0.07101340501314926,
    "exit_miss_mm": 9.988547732701868e-08,
    "hole_margin_mm": 3.3884423560677535,
    "ap_margin_mm": 2.604025342476092,
    "sep_margin_mm": 0.405082033994852,
    "min_sep_mm": 1.0264630265615342,
    "w_max_mm": 0.3603941416968329,
    "w_hole_mm": 0.3463787169817557,
    "H_req_mm": 20.450010417690933,
    "stab_tan": 0.6410690727503193,
    "stab_sag": 0.6549376599265377,
    "aoi_deg": 11.34756040689902,
    "early_exit": 0.0,
    "envelope_mm": 179.51661479169138
  }
}