{
  "cfg": {
    "N": 13,
    "chord_skip": 5,
    "R_ring": 62.0849,
    "H": 22.0,
    "R_t": 300.0,
    "R_s": 300.0,
    "mirror_aperture": 11.4,
    "w0": 0.2886,
    "M2": 1.0,
    "wavelength": 0.001654,
    "input_waist_offset": 0.0,
    "input_offset_z": -0.0869,
    "input_angle": -0.034527,
    "input_angle_sag": 0.049432,
    "reflectivity": 0.985,
    "hole_radius": 1.3,
    "n_passes": 144
  },
  "sku": "CM254-150-M01",
  "size_class": "D170",
  "metrics": {
    "family": "one_inch",
    "sku": "CM254-150-M01",
    "roc": 300.0,
    "N": 13.0,
    "chord_skip": 5.0,
    "R_ring": 62.08489258773205,
    "n_target": 143.0,
    "mode_s": "sin",
    "input_offset_z": -0.0868729897635573,
    "input_angle": -0.0345272620375747,
    "input_angle_sag": 0.0494316491405497,
    "w0_waist": 0.2885834424057494,
    "waist_frac": 0.0,
    "envelope_max": 170.0,
    "opl_min": 16.0,
    "feasible": 1.0,
    "opl_m": 16.602410877192007,
    "n_exit": 143.0,
    "throughput": 0.11693505672398748,
    "exit_miss_mm": 2.481832950168478e-07,
    "hole_margin_mm": 2.7606827009961723,
    "ap_margin_mm": 2.613200882833553,
    "sep_margin_mm": 0.525276816646966,
    "min_sep_mm": 1.1220390274525933,
    "w_max_mm": 0.37442997321411087,
    "w_hole_mm": 0.2885834424057494,
    "H_req_mm": 20.685829997571975,
    "stab_tan": 0.5859838159003141,
    "stab_sag": 0.6384259889995819,
    "aoi_deg": 20.860088391023655,
    "early_exit": 0.0,
    "envelope_mm": 160.16978517546409
  }
}