{
  "cfg": {
    "N": 12,
    "chord_skip": 5,
    "R_ring": 52.4296,
    "H": 27.0,
    "R_t": 1000.0,
    "R_s": 1000.0,
    "mirror_aperture": 11.4,
    "w0": 0.2913,
    "M2": 1.1,
    "wavelength": 0.001654,
    "input_waist_offset": 75.96,
    "input_offset_z": 0.5146,
    "input_angle": 0.023341,
    "input_angle_sag": 0.036089,
    "reflectivity": 0.999,
    "hole_radius": 1.3,
    "n_passes": 205
  },
  "sku": "CM254-500-M01",
  "size_class": "D150",
  "metrics": {
    "family": "one_inch",
    "sku": "CM254-500-M01",
    "roc": 1000.0,
    "N": 12.0,
    "chord_skip": 5.0,
    "R_ring": 52.42963408471186,
    "n_target": 204.0,
    "mode_s": "sin",
    "input_offset_z": 0.5145969849714438,
    "input_angle": 0.0233413261475337,
    "input_angle_sag": 0.0360894245523899,
    "w0_waist": 0.2913338283507369,
    "waist_frac": 1.5,
    "envelope_max": 150.0,
    "opl_min": 12.0,
    "feasible": 1.0,
    "opl_m": 20.662379961566458,
    "n_exit": 204.0,
    "throughput": 0.8161953380784123,
    "exit_miss_mm": 1.5865516497148734e-06,
    "hole_margin_mm": 2.543071304744383,
    "ap_margin_mm": 0.4061682828064441,
    "sep_margin_mm": 0.6547269545582713,
    "min_sep_mm": 1.4663297091703973,
    "w_max_mm": 0.416049945228769,
    "w_hole_mm": 0.32205766263434077,
    "H_req_mm": 25.225545360624952,
    "stab_tan": 0.8950987945050952,
    "stab_sag": 0.9021720192722472,
    "aoi_deg": 15.07488725387368,
    "early_exit": 0.0,
    "envelope_mm": 140.85926816942373
  }
}