{
  "cfg": {
    "N": 13,
    "chord_skip": 6,
    "R_ring": 61.5183,
    "H": 18.0,
    "R_t": 100.0,
    "R_s": 100.0,
    "mirror_aperture": 11.4,
    "w0": 0.2,
    "M2": 1.0,
    "wavelength": 0.001654,
    "input_waist_offset": 89.04,
    "input_offset_z": -0.2449,
    "input_angle": -0.043072,
    "input_angle_sag": 0.037785,
    "reflectivity": 0.999,
    "hole_radius": 1.3,
    "n_passes": 170
  },
  "sku": "CM254-050-M01",
  "size_class": "D170",
  "metrics": {
    "family": "one_inch",
    "sku": "CM254-050-M01",
    "roc": 100.0,
    "N": 13.0,
    "chord_skip": 6.0,
    "R_ring": 61.51831246745246,
    "n_target": 169.0,
    "mode_s": "sin",
    "input_offset_z": -0.2449014448154683,
    "input_angle": -0.043071639477726,
    "input_angle_sag": 0.0377852531613536,
    "w0_waist": 0.2,
    "waist_frac": 1.457942842350524,
    "envelope_max": 170.0,
    "opl_min": 16.0,
    "feasible": 1.0,
    "opl_m": 20.64158042893743,
    "n_exit": 169.0,
    "throughput": 0.8452827805717958,
    "exit_miss_mm": 3.095348587655049e-07,
    "hole_margin_mm": 1.2437131391375331,
    "ap_margin_mm": 4.066947113894834,
    "sep_margin_mm": 0.41668989915289767,
    "min_sep_mm": 0.9462579278173483,
    "w_max_mm": 0.4016461440197402,
    "w_hole_mm": 0.30811437128131675,
    "H_req_mm": 16.375275668289706,
    "stab_tan": -0.23070754338230404,
    "stab_sag": -0.2122582710831884,
    "aoi_deg": 7.106196528712171,
    "early_exit": 0.0,
    "envelope_mm": 159.03662493490492
  }
}