{
  "cfg": {
    "N": 13,
    "chord_skip": 5,
    "R_ring": 62.0867,
    "H": 21.0,
    "R_t": 300.0,
    "R_s": 300.0,
    "mirror_aperture": 11.4,
    "w0": 0.2966,
    "M2": 1.0,
    "wavelength": 0.001654,
    "input_waist_offset": 0.0,
    "input_offset_z": -0.1107,
    "input_angle": -0.0315,
    "input_angle_sag": 0.044621,
    "reflectivity": 0.985,
    "hole_radius": 1.3,
    "n_passes": 144
  },
  "sku": "CM254-150-M01",
  "size_class": "D170",
  "metrics": {
    "family": "one_inch",
    "sku": "CM254-150-M01",
    "roc": 300.0,
    "N": 13.0,
    "chord_skip": 5.0,
    "R_ring": 62.08667321171375,
    "n_target": 143.0,
    "mode_s": "sin",
    "input_offset_z": -0.1106645539131436,
    "input_angle": -0.0314995729666006,
    "input_angle_sag": 0.0446212874921987,
    "w0_waist": 0.2965766757113097,
    "waist_frac": 0.0,
    "envelope_max": 170.0,
    "opl_min": 16.0,
    "feasible": 1.0,
    "opl_m": 16.602886609840215,
    "n_exit": 143.0,
    "throughput": 0.11693505671500662,
    "exit_miss_mm": 1.8554570881881881e-06,
    "hole_margin_mm": 2.3272591969157648,
    "ap_margin_mm": 3.4326947432408303,
    "sep_margin_mm": 0.400235241979342,
    "min_sep_mm": 0.9961620071663875,
    "w_max_mm": 0.37791641116587005,
    "w_hole_mm": 0.2965766757113097,
    "H_req_mm": 19.27451379693936,
    "stab_tan": 0.5859966132390843,
    "stab_sag": 0.6383789083216176,
    "aoi_deg": 20.8440385514883,
    "early_exit": 0.0,
    "envelope_mm": 160.17334642342752
  }
}