{
  "cfg": {
    "N": 16,
    "chord_skip": 7,
    "R_ring": 69.6324,
    "H": 14.0,
    "R_t": 200.0,
    "R_s": 200.0,
    "mirror_aperture": 11.4,
    "w0": 0.2,
    "M2": 1.0,
    "wavelength": 0.001654,
    "input_waist_offset": 74.23,
    "input_offset_z": -0.0355,
    "input_angle": -0.028753,
    "input_angle_sag": 0.019079,
    "reflectivity": 0.999,
    "hole_radius": 1.3,
    "n_passes": 113
  },
  "sku": "CM254-100-M01",
  "size_class": "D180",
  "metrics": {
    "family": "one_inch",
    "sku": "CM254-100-M01",
    "roc": 200.0,
    "N": 16.0,
    "chord_skip": 7.0,
    "R_ring": 69.63239152119593,
    "n_target": 112.0,
    "mode_s": "sin",
    "input_offset_z": -0.0354654939763577,
    "input_angle": -0.0287531145383116,
    "input_angle_sag": 0.0190793132879985,
    "w0_waist": 0.2,
    "waist_frac": 1.0869670778039833,
    "envelope_max": 180.0,
    "opl_min": 15.0,
    "feasible": 1.0,
    "opl_m": 15.297950962488704,
    "n_exit": 112.0,
    "throughput": 0.8948890480709737,
    "exit_miss_mm": 3.924346817472903e-08,
    "hole_margin_mm": 1.6236830318468507,
    "ap_margin_mm": 6.304109180444315,
    "sep_margin_mm": 1.1223293781858528,
    "min_sep_mm": 1.7141673933249415,
    "w_max_mm": 0.3129276455600706,
    "w_hole_mm": 0.27961922919026855,
    "H_req_mm": 12.08085884873536,
    "stab_tan": 0.3036926320983887,
    "stab_sag": 0.3302804897743923,
    "aoi_deg": 11.27475787476985,
    "early_exit": 0.0,
    "envelope_mm": 175.26478304239185
  }
}