{
  "cfg": {
    "N": 12,
    "chord_skip": 5,
    "R_ring": 53.4855,
    "H": 17.0,
    "R_t": 500.0,
    "R_s": 500.0,
    "mirror_aperture": 11.4,
    "w0": 0.2,
    "M2": 1.0,
    "wavelength": 0.001654,
    "input_waist_offset": 45.73,
    "input_offset_z": -0.0647,
    "input_angle": -0.030125,
    "input_angle_sag": 0.027289,
    "reflectivity": 0.985,
    "hole_radius": 1.3,
    "n_passes": 133
  },
  "sku": "CM254-250-M01",
  "size_class": "D150",
  "metrics": {
    "family": "one_inch",
    "sku": "CM254-250-M01",
    "roc": 500.0,
    "N": 12.0,
    "chord_skip": 5.0,
    "R_ring": 53.48553278886983,
    "n_target": 132.0,
    "mode_s": "sin",
    "input_offset_z": -0.0646543519323682,
    "input_angle": -0.030125411460558,
    "input_angle_sag": 0.0272890994382584,
    "w0_waist": 0.2,
    "waist_frac": 0.8851680571513203,
    "envelope_max": 150.0,
    "opl_min": 12.0,
    "feasible": 1.0,
    "opl_m": 13.639048755159816,
    "n_exit": 132.0,
    "throughput": 0.13808490172341883,
    "exit_miss_mm": 3.7235705647521555e-07,
    "hole_margin_mm": 0.4177920507052506,
    "ap_margin_mm": 4.183766220956911,
    "sep_margin_mm": 0.580092685531304,
    "min_sep_mm": 1.3205707301845528,
    "w_max_mm": 0.43018065886191753,
    "w_hole_mm": 0.23343483159101736,
    "H_req_mm": 15.833009222933812,
    "stab_tan": 0.786049464381783,
    "stab_sag": 0.800345576772745,
    "aoi_deg": 15.048817823281249,
    "early_exit": 0.0,
    "envelope_mm": 142.97106557773967
  }
}