design,n_rays,n_steps,path_m,w_min_mm,w_max_mm,dev_major_mean_pct,dev_major_max_pct,dev_minor_mean_pct,dev_minor_max_pct
freespace,17,207,0.61757246347999,0.29130000000025363,1.2618760083957565,0.0001010232857654697,0.00014032099000261007,0.0001010232857654697,0.00014032099000261007
