design,n_rays,n_steps,path_m,w_min_mm,w_max_mm,w_min_abcd_mm,w_max_abcd_mm,band_dev_min_pct,band_dev_max_pct,dephase_major_mean_pct,dephase_signed_mean_pct
freespace,17,207,0.61757246347999,0.2913000000002536,1.2618760083957563,0.2913,1.2618777790751488,8.706368959110478e-11,-0.0001403209900052,0.0001010232857654,-0.0001010232849242
D150_14cm_flight,17,2234,20.202502745779448,0.2862717546245649,0.45194078266025406,0.2874957683234669,0.45527076770788677,-0.4257501618336379,-0.7314295763810819,11.396160970444534,0.9880538969629773
