design,item,x_mm,y_mm,z_mm,nx,ny,nz,sagx,sagy,sagz,roc_mm,aperture_r_mm,hole_r_mm
D190_19m_2inch,mirror_0,67.7936,0.0,0.0,-1.0,-0.0,-0.0,0.0,0.0,1.0,300.0,22.9,1.3
D190_19m_2inch,mirror_1,47.93731428104833,47.93731428104833,0.0,-0.7071067811865476,-0.7071067811865476,-0.0,0.0,0.0,1.0,300.0,22.9,0.0
D190_19m_2inch,mirror_2,4.1511607621338e-15,67.7936,0.0,-6.123233995736766e-17,-1.0,-0.0,0.0,0.0,1.0,300.0,22.9,0.0
D190_19m_2inch,mirror_3,-47.93731428104832,47.93731428104833,0.0,0.7071067811865475,-0.7071067811865476,-0.0,0.0,0.0,1.0,300.0,22.9,0.0
D190_19m_2inch,mirror_4,-67.7936,8.3023215242676e-15,0.0,1.0,-1.2246467991473532e-16,-0.0,0.0,0.0,1.0,300.0,22.9,0.0
D190_19m_2inch,mirror_5,-47.93731428104834,-47.93731428104832,0.0,0.7071067811865477,0.7071067811865475,-0.0,0.0,0.0,1.0,300.0,22.9,0.0
D190_19m_2inch,mirror_6,-1.2453482286401399e-14,-67.7936,0.0,1.8369701987210297e-16,1.0,-0.0,0.0,0.0,1.0,300.0,22.9,0.0
D190_19m_2inch,mirror_7,47.937314281048316,-47.93731428104834,0.0,-0.7071067811865474,0.7071067811865477,-0.0,0.0,0.0,1.0,300.0,22.9,0.0
D190_19m_2inch,launch_ray,-28.19106308878817,-33.138606201885736,-5.092917581576217,0.943891095804404,0.3258774299430992,0.053605036282443744,0.224,0.001654,152.0,19.04050608132969,,1.3
