metric,mean,std,p05,p50,p95,min,max
bounces,144.0,0.0,144.0,144.0,144.0,144.0,144.0
opl_m,20.348382729633162,0.028593673509427618,20.303189751922783,20.34828561460593,20.395245095054577,20.268601643323194,20.44337125652933
throughput,0.1153135656971023,0.017354204259335947,0.0883654367772814,0.11406657258150063,0.14442067917638532,0.07312304049820982,0.17468857656491787
w_max_mm,0.41904013630249237,0.004160119298448832,0.4123066463130492,0.4188615419374714,0.42554176449713804,0.40737587859274266,0.438066177873603
stability_g,0.27896024904701305,0.0007040012627672633,0.2778068699372254,0.27896393781240125,0.28006051483433103,0.2766195577428132,0.28092977723683465
aoi_mean,11.27343562931701,0.006175102836553207,11.264325850575293,11.272811005565455,11.284028862953333,11.256570856748695,11.293559865336702
aoi_max,13.03476317520136,0.11212982486166141,12.878380802890655,13.021273724659402,13.247742582058224,12.75725147956472,13.491907857399477
exit_drift_mrad,4.2262412608022695,2.564293818860775,1.1080269784320014,3.7955316284735945,9.428952205111221,0.20577728737667367,13.729565069284945
spot_walk_mm,0.5839464136111895,0.1652269044883996,0.3578829336540764,0.5692719333661072,0.8859766101784458,0.26826761302410157,1.2937386600111773
